{
	"globalStyle": {
		"navigationBarTextStyle": "black",
		"navigationBarBackgroundColor": "#F8F8F8",
		"navigationBarTitleText": "",
		"h5":{
			"titleNView":false
		},
		"app-plus": {
			"scrollIndicator":"none"
		}
	},
	
	"pages": [//此包不可新增文件
		{"path": "pages/index/index","style": {"enablePullDownRefresh": true}},
		{"path": "pages/index/main","style": {"enablePullDownRefresh": true}},
		{"path": "pages/index/webView","style": {"titleNView":false}},
		{"path": "pages/index/webView2","style": {"titleNView":false}},
		{"path": "pages/index/reg","style": {"navigationBarTitleText": "用户注册","enablePullDownRefresh": false}},
		{"path": "pages/index/login","style": {"navigationBarTitleText": "用户登录","enablePullDownRefresh": false}},

		{"path": "pages/shop/product","style": {"navigationBarTitleText": "商品详情","enablePullDownRefresh": true}},
		{"path": "pages/shop/cart","style": {"navigationBarTitleText": "购物车","enablePullDownRefresh": true}},
		{"path": "pages/shop/prolist","style": {"navigationBarTitleText": "商品列表","enablePullDownRefresh": false}},
		{"path": "pages/shop/search","style": {"navigationBarTitleText": "商品搜索","enablePullDownRefresh": false}},
		{"path": "pages/shop/category1","style": {"navigationBarTitleText": "商品分类","enablePullDownRefresh": false}},
		{"path": "pages/shop/category2","style": {"navigationBarTitleText": "商品分类","enablePullDownRefresh": false}},
		{"path": "pages/shop/category3","style": {"navigationBarTitleText": "商品分类","enablePullDownRefresh": false}},
		{"path": "pages/shop/category4","style": {"navigationBarTitleText": "商品分类","enablePullDownRefresh": false}},
		//{"path": "pages/shop/classify","style": {"navigationBarTitleText": "分类商品","enablePullDownRefresh": false}},
		{"path": "pages/shop/fastbuy","style": {"navigationBarTitleText": "快速购买","enablePullDownRefresh": false}},
		{"path": "pages/shop/fastbuy2","style": {"navigationBarTitleText": "","enablePullDownRefresh": false}},
		{"path": "pages/shop/mendian","style": {"navigationBarTitleText": "门店","enablePullDownRefresh": false}},
		
		//待迁移	

		//移入pagesExt
		{"path": "pages/my/usercenter","style": {"enablePullDownRefresh": true}},//2.4.6 不可移除
		{"path": "pages/my/levelinfo","style": {"navigationBarTitleText": "等级说明","enablePullDownRefresh": true}},//2.4.5
		{"path": "pages/my/levelup","style": {"enablePullDownRefresh": false}},//2.4.5
		{"path": "pages/my/scorelog","style": {"enablePullDownRefresh": true}},//2.4.5
		{"path": "pages/my/favorite","style": {"navigationBarTitleText": "我的收藏","enablePullDownRefresh": true}},//2.4.5
		{"path": "pages/my/history","style": {"navigationBarTitleText": "我的足迹","enablePullDownRefresh": true}},
		{"path": "pages/my/set","style": {"navigationBarTitleText": "个人设置","enablePullDownRefresh": true}},
		{"path": "pages/pay/pay"},//2.5.4 2.6.5替换后台路径
		{"path": "pages/pay/daifu","custom_file":"pay_daifu"},//2.5.4
		{"path": "pages/pay/transfer","custom_file":"pay_transfer"},//2.5.4
		{"path": "pages/order/orderlist"},//2.4.4
		//{"path": "pages/sign/index"},//2.4.3
		{"path": "pages/money/withdraw","style": {"enablePullDownRefresh": true}},//2.5.4
		{"path": "pages/money/recharge","style": {"enablePullDownRefresh": true}},//2.5.4
		{"path": "pages/coupon/couponlist","style": {"navigationBarTitleText": "领券中心","enablePullDownRefresh": true}},//不可移除2.4.8
		{"path": "pages/coupon/mycoupon","style": {"enablePullDownRefresh": true}},//不可移除 2.4.8
		{"path": "pages/coupon/coupongive","style": {"enablePullDownRefresh": true}},//2.4.8
		//移入pagesB
		{"path": "pages/shop/classify2","style": {"navigationBarTitleText": "分类商品","enablePullDownRefresh": false}},//2.6.4
		{"path": "pages/shop/buy","style": {"navigationBarTitleText": "订单确认","enablePullDownRefresh": false}},//2.5.9
		{"path": "pages/address/address","style": {"navigationBarTitleText": "收货地址","enablePullDownRefresh": true}},//2.6.1
		{"path": "pages/kefu/index","style": {"navigationBarTitleText": "在线咨询","enablePullDownRefresh":false}},//2.6.1
		{"path": "pages/index/getpwd","style": {"navigationBarTitleText": "找回密码","enablePullDownRefresh": true}},//2.6.1
		{"path": "pages/maidan/pay","style": {"navigationBarTitleText": "买单付款"}},//不可移除 2.6.2
		{"path": "pages/maidan/maidanlog","style": {"navigationBarTitleText": "买单付款记录","enablePullDownRefresh": true,"titleNView":{"searchInput":{"placeholder":"输入订单号搜索","borderRadius":"15px"},"buttons":[{"type":"home"}]}}},//2.6.2
		{"path": "pages/maidan/maidandetail","style": {"navigationBarTitleText": "买单付款详情","enablePullDownRefresh": true}}	//2.6.2
	],
	"subPackages": [
		{
			"root":"activity",//此包不可新增文件
			"pages":[
				{"path": "commission/index","style": {"enablePullDownRefresh": true}},
				{"path": "commission/bindex","style": {"enablePullDownRefresh": true}},
				{"path": "commission/commissionlog","style": {"enablePullDownRefresh": true}},
				{"path": "commission/commissionlogMendian","style": {"enablePullDownRefresh": true}},
				{"path": "commission/orderMendian","style": {"enablePullDownRefresh": true}},
				{"path": "commission/withdraw","style": {"enablePullDownRefresh": true}},
				{"path": "commission/myteam","style": {"enablePullDownRefresh": true}},
				{"path": "commission/downorder","style": {"navigationBarTitleText": "","enablePullDownRefresh": true}},
				{"path": "commission/poster","style": {"navigationBarTitleText": "分享海报","enablePullDownRefresh": true}},
				{"path": "commission/fhlog","style": {"navigationBarTitleText": "分红记录","enablePullDownRefresh": true}},
				{"path": "commission/fhorder","style": {"navigationBarTitleText": "分红订单","enablePullDownRefresh": true}},
				{"path": "commission/fenhong","style": {"navigationBarTitleText": "","enablePullDownRefresh": true}},
				{"path": "commission/teamfenhong","style": {"navigationBarTitleText": "团队分红","enablePullDownRefresh": true}},
				{"path": "commission/areafenhong","style": {"navigationBarTitleText": "区域代理分红","enablePullDownRefresh": true}},
				{"path": "commission/touzifenhong","custom_file":"touzi_fenhong","style": {"navigationBarTitleText": "投资分红","enablePullDownRefresh": true}},
				{"path": "commission/orderYeji","style": {"navigationBarTitleText": "业绩统计","enablePullDownRefresh": true}},
				{"path": "commission/myteamline","style": {"navigationBarTitleText": "我的上下级","enablePullDownRefresh": true}},
				{"path": "commission/mysameline","style": {"navigationBarTitleText": "同等级会员","enablePullDownRefresh": true}},
				{"path": "commission/commissionrecord","style": {"enablePullDownRefresh": true}},
				{"path": "commission/commissionranking","style": {"navigationBarTitleText": "佣金排行榜","enablePullDownRefresh": true}},
				{"path": "commission/signature","custom_file":"up_level_agree2","style": {"navigationBarTitleText": "请签字","enablePullDownRefresh": false}},
{
					"path" : "commission/joinLearder",
					"style" : 
					{
						"navigationBarTitleText" : "成为团长"
					}
				},

				{"path": "scoreshop/index","style": {"enablePullDownRefresh": true}},
				{"path": "scoreshop/prolist","style": {"enablePullDownRefresh": true}},
				{"path": "scoreshop/product","style": {"navigationBarTitleText": "商品详情","enablePullDownRefresh": true}},
				{"path": "scoreshop/cart","style": {"navigationBarTitleText": "购物车","enablePullDownRefresh": true}},
				{"path": "scoreshop/buy","style": {"navigationBarTitleText": "订单确认","enablePullDownRefresh": false}},
				{"path": "scoreshop/orderlist","style": {"enablePullDownRefresh": true,"titleNView":{"searchInput":{"placeholder":"输入关键字搜索","borderRadius":"15px"},"buttons":[{"type":"home"}]}}},
				{"path": "scoreshop/orderdetail","style": {"navigationBarTitleText": "订单详情","enablePullDownRefresh": true}},
				{"path": "scoreshop/refund","style": {"navigationBarTitleText": "申请退款","enablePullDownRefresh": true}},
				
				
				{"path": "collage/index","style": {"navigationBarTitleText": "拼团商品列表","enablePullDownRefresh": true}},
				{"path": "collage/product","style": {"navigationBarTitleText": "商品详情","enablePullDownRefresh": true}},
				{"path": "collage/team","style": {"navigationBarTitleText": "参团成员","enablePullDownRefresh": true}},
				{"path": "collage/buy","style": {"navigationBarTitleText": "订单确认","enablePullDownRefresh": false}},
				{"path": "collage/orderlist","style": {"navigationBarTitleText": "拼团订单列表","enablePullDownRefresh": true,"titleNView":{"searchInput":{"placeholder":"输入关键字搜索","borderRadius":"15px"},"buttons":[{"type":"home"}]}}},
				{"path": "collage/orderdetail","style": {"navigationBarTitleText": "订单详情","enablePullDownRefresh": true}},
				{"path": "collage/comment","style": {"navigationBarTitleText": "我要评论","enablePullDownRefresh": false}},
				{"path": "collage/commentlist","style": {"navigationBarTitleText": "商品评价","enablePullDownRefresh": false}},
				{"path": "collage/refund","style": {"navigationBarTitleText": "申请退款","enablePullDownRefresh": true}},
				

				{"path": "tuangou/prolist","style": {"navigationBarTitleText": "团购列表","enablePullDownRefresh": true}},
				{"path": "tuangou/product","style": {"navigationBarTitleText": "团购商品","enablePullDownRefresh": true}},
				{"path": "tuangou/buy","style": {"navigationBarTitleText": "订单确认","enablePullDownRefresh": false}},
				{"path": "tuangou/orderlist","style": {"navigationBarTitleText": "团购订单列表","enablePullDownRefresh": true,"titleNView":{"searchInput":{"placeholder":"输入关键字搜索","borderRadius":"15px"},"buttons":[{"type":"home"}]}}},
				{"path": "tuangou/orderdetail","style": {"navigationBarTitleText": "订单详情","enablePullDownRefresh": true}},
				{"path": "tuangou/comment","style": {"navigationBarTitleText": "我要评论","enablePullDownRefresh": false}},
				{"path": "tuangou/commentlist","style": {"navigationBarTitleText": "商品评价","enablePullDownRefresh": false}},
				{"path": "tuangou/refund","style": {"navigationBarTitleText": "申请退款","enablePullDownRefresh": true}},
				
	
				{"path": "luntan/index","style": {"navigationBarTitleText": "","enablePullDownRefresh": true}},
				{"path": "luntan/ltlist","style": {"navigationBarTitleText": "","enablePullDownRefresh": true}},
				{"path": "luntan/detail","style": {"navigationBarTitleText": "动态详情","enablePullDownRefresh": true}},
				{"path": "luntan/fatie","style": {"navigationBarTitleText": "发帖","enablePullDownRefresh": true}},
				{"path": "luntan/pinglun","style": {"navigationBarTitleText": "评论","enablePullDownRefresh": true}},
				{"path": "luntan/fatielog","style": {"navigationBarTitleText": "发帖记录","enablePullDownRefresh": false}},
				{"path": "luntan/focuslog","style": {"navigationBarTitleText": "关注记录","enablePullDownRefresh": false}},

				{"path": "peisong/dating","style": {"navigationBarTitleText": "接单大厅","enablePullDownRefresh": true}},
				{"path": "peisong/orderlist","style": {"navigationBarTitleText": "我的配送单","enablePullDownRefresh": true}},
				{"path": "peisong/orderdetail","style": {"navigationBarTitleText": "订单详情","enablePullDownRefresh": true}},
				{"path": "peisong/my","style": {"navigationBarTitleText": "个人中心","enablePullDownRefresh": true}},
				{"path": "peisong/moneylog","style": {"navigationBarTitleText": "余额明细"}},
				{"path": "peisong/withdraw","style": {"navigationBarTitleText": "余额提现"}},
				{"path": "peisong/setinfo","style": {"navigationBarTitleText": "提现设置"}},
				

				
				{"path": "shortvideo/index","style": {"navigationBarTitleText": "短视频列表"}},
				{"path": "shortvideo/detail","style": {"navigationBarTitleText": "","navigationStyle":"custom","disableScroll":true,"mp-toutiao":{"navigationStyle":"default"},"mp-alipay": {"transparentTitle": "always","titlePenetrate": "YES"},"titleNView":false}},
				{"path": "shortvideo/uploadvideo","style": {"navigationBarTitleText": "发布短视频"}},
                {"path": "shortvideo/myupload","style": {"navigationBarTitleText": "我的发表记录"}}
				
				

				

				
				
				//移入pagesB
                
				
				
				//此包不可新增文件
			]
		},
		{
			"root": "pagesExt",
			"pages": [
				{"path": "my/levelinfo","style": {"navigationBarTitleText": "等级说明","enablePullDownRefresh": true}},
				{"path": "my/levelup","style": {"enablePullDownRefresh": false}},
				{"path": "my/scorelog","style": {"enablePullDownRefresh": true}},
				{"path": "my/scoreTransfer","custom_file":"score_transfer","style": {"enablePullDownRefresh": false}},
				{"path": "my/scoreWithdraw","custom_file":"score_withdraw","style": {"enablePullDownRefresh": false}},
				{"path": "my/gongxianLog","custom_file":"member_gongxian","style": {"enablePullDownRefresh": true}},
				{"path": "my/favorite","style": {"navigationBarTitleText": "我的收藏","enablePullDownRefresh": true}},
				{"path": "my/history","style": {"navigationBarTitleText": "我的足迹","enablePullDownRefresh": true}},
				{"path": "my/paypwd","style": {"navigationBarTitleText": "设置支付密码","enablePullDownRefresh": true}},
				{"path": "my/set","style": {"navigationBarTitleText": "个人设置","enablePullDownRefresh": true}},
				{"path": "my/setpwd","style": {"navigationBarTitleText": "修改密码","enablePullDownRefresh": true}},
				{"path": "my/setnickname","style": {"navigationBarTitleText": "设置昵称","enablePullDownRefresh": false}},
				{"path": "my/setrealname","style": {"navigationBarTitleText": "设置姓名","enablePullDownRefresh": false}},
				{"path": "my/settel","style": {"navigationBarTitleText": "设置手机号","enablePullDownRefresh": false}},
				{"path": "my/setsex","style": {"navigationBarTitleText": "设置性别","enablePullDownRefresh": false}},
				{"path": "my/setbirthday","style": {"navigationBarTitleText": "设置生日","enablePullDownRefresh": false}},
				{"path": "my/setaliaccount","style": {"navigationBarTitleText": "设置支付宝账号","enablePullDownRefresh": false}},
				{"path": "my/setbankinfo","style": {"navigationBarTitleText": "设置银行卡账号","enablePullDownRefresh": false}},
				{"path": "my/sethuifuinfo","custom_file":"pay_huifu","style": {"navigationBarTitleText": "设置资料","enablePullDownRefresh": false}},
				{"path": "my/bscore","style": {"enablePullDownRefresh": true}},
				{"path": "my/bscorelog","style": {"enablePullDownRefresh": true}},
				{"path": "my/setother","style": {"enablePullDownRefresh": false}},
				{"path": "my/setadapayinfo","custom_file":"pay_adapay","style": {"enablePullDownRefresh": false}},

				{"path": "money/moneylog","style": {"enablePullDownRefresh": true}},
				{"path": "money/withdraw","style": {"enablePullDownRefresh": true}},
				{"path": "money/recharge","style": {"enablePullDownRefresh": true}},
				{"path": "money/rechargeToMember","custom_file":"money_transfer","style": {"enablePullDownRefresh": true}},

				{"path": "order/orderlist","style": {"navigationBarTitleText": "订单列表","enablePullDownRefresh": true,"titleNView":{"searchInput":{"placeholder":"输入关键字搜索","borderRadius":"15px"},"buttons":[{"type":"home"}]}}},
				{"path": "order/refundlist","style": {"navigationBarTitleText": "售后订单","enablePullDownRefresh": true,"titleNView":{"searchInput":{"placeholder":"输入关键字搜索","borderRadius":"15px"},"buttons":[{"type":"home"}]}}},

				{"path": "order/refundDetail","style": {"navigationBarTitleText": "售后详情","enablePullDownRefresh": true}},
				{"path": "order/comment","style": {"navigationBarTitleText": "我要评论","enablePullDownRefresh": false}},
				{"path": "order/commentdp","style": {"navigationBarTitleText": "店铺评价","enablePullDownRefresh": false}},
				{"path": "order/commentps","style": {"navigationBarTitleText": "评价配送员","enablePullDownRefresh": false}},
				{"path": "order/detail","style": {"navigationBarTitleText": "订单详情","enablePullDownRefresh": true}},
				{"path": "order/logistics","style": {"navigationBarTitleText": "查看物流","enablePullDownRefresh": true}},
				{"path": "order/refundSelect","style": {"navigationBarTitleText": "申请退款","enablePullDownRefresh": true}},
				{"path": "order/refund","style": {"navigationBarTitleText": "申请退款","enablePullDownRefresh": true}},
				{"path": "order/invoice","style": {"navigationBarTitleText": "发票","enablePullDownRefresh": true}},

				{"path": "business/index","style": {"navigationBarTitleText": "商家详情","enablePullDownRefresh": true}},
				{"path": "business/main","style": {"enablePullDownRefresh": true}},
				{"path": "business/clist","style": {"navigationBarTitleText": "商家列表","enablePullDownRefresh": true}},
				{"path": "business/blist","style": {"navigationBarTitleText": "附近商家","enablePullDownRefresh": true}},
				{"path": "business/apply","style": {"enablePullDownRefresh": true}},
				{"path": "business/commentlist","style": {"navigationBarTitleText": "商家评价","enablePullDownRefresh": true}},
				{"path": "business/clist2","style": {"navigationBarTitleText": "选择商家","enablePullDownRefresh": true}},
				//门店map marker
				{"path": "business/mendian","style": {"navigationBarTitleText": "门店","enablePullDownRefresh": false}},
				
				{"path": "lipin/index","style": {"navigationBarTitleText": "兑换中心","enablePullDownRefresh": true}},
				{"path": "lipin/prodh","style": {"navigationBarTitleText": "兑换商品","enablePullDownRefresh": true}},
				{"path": "lipin/dhlog","style": {"navigationBarTitleText": "兑换记录","enablePullDownRefresh": true}},

				{"path": "sign/index","style": {"navigationBarTitleText": "签到","enablePullDownRefresh": true}},
				{"path": "sign/signrecord","style": {"navigationBarTitleText": "签到记录","enablePullDownRefresh": true}},
				{"path": "agent/card","custom_file":"agent_card","style": {"navigationBarTitleText": "店铺信息"}},
				{"path": "agent/cardEdit","custom_file":"agent_card","style": {"navigationBarTitleText": "代理卡片设置"}},
				{"path": "shop/imgsearch","custom_file":"image_search","style": {"navigationBarTitleText": "搜索"}},
				{"path": "shop/imgsearchList","custom_file":"image_search","style": {"navigationBarTitleText": "搜索","enablePullDownRefresh": false}},
				{"path": "shop/diylight","custom_file":"diy_light","style": {"navigationStyle": "custom","mp-toutiao":{"navigationStyle":"default"}}},

				{"path": "coupon/record","style": {"navigationBarTitleText": "使用记录"}},
				{"path": "coupon/couponlist","style": {"navigationBarTitleText": "领券中心","enablePullDownRefresh": true}},
				{"path": "coupon/mycoupon","style": {"enablePullDownRefresh": true}},
				{"path": "coupon/coupondetail","style": {"enablePullDownRefresh": true}},
				{"path": "coupon/coupongive","style": {"enablePullDownRefresh": true}},

				{"path": "pay/pay","style": {"navigationBarTitleText": "收银台","enablePullDownRefresh": true}},
				{"path": "pay/daifu","custom_file":"pay_daifu","style": {"enablePullDownRefresh": true}},
				{"path": "pay/transfer","custom_file":"pay_transfer","style": {"navigationBarTitleText": "","enablePullDownRefresh": true}},

				{"path": "yuanbao/yuanbaolog","custom_file":"pay_yuanbao","style": {"enablePullDownRefresh": true}},
				{"path": "yuanbao/yuanbaoTransfer","custom_file":"pay_yuanbao","style": {"enablePullDownRefresh": false}},
				{"path": "renovation/form","custom_file":"renovation_calculator","style": {"enablePullDownRefresh": false}},
				{"path": "renovation/result","custom_file":"renovation_calculator","style": {"enablePullDownRefresh": false}},
				{"path": "counsel/index","custom_file":"counsel_fee","style": {"enablePullDownRefresh": false}},
				{"path": "counsel/detail","custom_file":"counsel_fee","style": {"enablePullDownRefresh": false}},
				{"path": "legal/index","custom_file":"legal_fee","style": {"enablePullDownRefresh": false}},
				{"path": "legal/detail","custom_file":"legal_fee","style": {"enablePullDownRefresh": false}},
				{"path": "invite_free/index","custom_file":"invite_free","style": {"enablePullDownRefresh": false}},
				{"path": "cycle/product","style": {"navigationBarTitleText": "商品详情"}},
				{"path": "cycle/planDetail","style": {"navigationBarTitleText": "计划详情"}},
				{"path": "cycle/buy","style": {"navigationBarTitleText": "订单确认"}},
				{"path": "cycle/checkDate","style": {"navigationBarTitleText": "选择日期"}},
				{"path": "cycle/planList","style": {"navigationBarTitleText": "计划列表"}},
				{"path": "cycle/orderList","style": {"navigationBarTitleText": "订单列表","enablePullDownRefresh": true}},
				{"path": "cycle/orderDetail","style": {"navigationBarTitleText": "订单详情","navigationBarTextStyle": "white","navigationBarBackgroundColor": "#FD4A46"}},
				{"path": "cycle/planWrite","style": {"navigationBarTitleText": "填写计划"}},
				{"path": "cycle/logistics","style": {"navigationBarTitleText": "物流信息"}},
				{"path": "cycle/refund","style": {"navigationBarTitleText": "申请退款"}},
				{"path": "cycle/comment","style": {"navigationBarTitleText": "评价"}},
				{"path": "cycle/commentps","style": {"navigationBarTitleText": "评价配送员"}},
				{"path": "cycle/commentlist","style": {"navigationBarTitleText": "评论列表"}},
				{"path": "cycle/prolist","style": {"navigationBarTitleText": "周期购商品"}},
				{"path": "yueke/prolist","custom_file":"yueke","style": {"navigationBarTitleText": "课程列表"}},
				{"path": "yueke/product","custom_file":"yueke","style": {"navigationBarTitleText": "课程详情"}},
				{"path": "yueke/workerinfo","custom_file":"yueke","style": {"navigationBarTitleText": "教练详情"}},
				{"path": "yueke/buy","custom_file":"yueke","style": {"navigationBarTitleText": "订单确认"}},
				{"path": "yueke/orderlist","style": {"navigationBarTitleText": "订单列表","enablePullDownRefresh": false,"titleNView":{"searchInput":{"placeholder":"输入关键字搜索","borderRadius":"15px"},"buttons":[{"type":"home"}]}}},
				{"path": "yueke/orderdetail","style": {"navigationBarTitleText": "订单详情","enablePullDownRefresh": false}},
				{"path": "yueke/workerlogin","style": {"navigationBarTitleText": "教练登录","enablePullDownRefresh": false}},
				{"path": "yueke/workerorderlist","style": {"navigationBarTitleText": "预约记录","enablePullDownRefresh": false,"titleNView":{"searchInput":{"placeholder":"输入关键字搜索","borderRadius":"15px"},"buttons":[{"type":"home"}]}}},
				{"path": "yueke/workerorderdetail","style": {"navigationBarTitleText": "预约详情","enablePullDownRefresh": false}},
				{"path": "mingpian/index","style": {"navigationBarTitleText": "名片详情","enablePullDownRefresh": false}},
				{"path": "mingpian/edit","style": {"navigationBarTitleText": "名片编辑","enablePullDownRefresh": false}},
				{"path": "mingpian/favorite","style": {"navigationBarTitleText": "我的名片夹","enablePullDownRefresh": false}},
				{"path": "mingpian/readlog","style": {"navigationBarTitleText": "查看记录","enablePullDownRefresh": false}},
				{"path": "mingpian/favoritelog","style": {"navigationBarTitleText": "收藏记录","enablePullDownRefresh": false}},

				{"path": "archives/index","custom_file":"member_archives","style": {"navigationBarTitleText": "档案列表","enablePullDownRefresh": true,"titleNView":{"searchInput":{"placeholder":"输入关键字搜索","borderRadius":"15px"},"buttons":[{"type":"home"}]}}},
				{"path": "archives/detail","custom_file":"member_archives","style": {"navigationBarTitleText": "档案详细","enablePullDownRefresh": true}},
                
				{"path": "othermoney/moneylog","custom_file":"other_money","style": {"enablePullDownRefresh": false}},
				{"path": "othermoney/withdraw","custom_file":"other_money","style": {"enablePullDownRefresh": false}},
				{"path": "othermoney/frozen_moneylog","custom_file":"other_money","style": {"enablePullDownRefresh": false}},

				{"path": "glass/index","custom_file":"product_glass","style": {"navigationBarTitleText": "视力档案","enablePullDownRefresh": false}},

				{"path": "glass/add","custom_file":"product_glass","style": {"navigationBarTitleText": "视力档案","enablePullDownRefresh": false}},
				{"path": "glass/set","custom_file":"product_glass","style": {"navigationBarTitleText": "视力档案","enablePullDownRefresh": false}},
				{"path": "fifa/index","style": {"navigationBarTitleText": "世界杯竞猜","enablePullDownRefresh": true}},
				{"path": "fifa/detail","style": {"navigationBarTitleText": "竞猜详情","enablePullDownRefresh": true}},
				
				// {"path": "project/apply","custom_file":"project","style": {"navigationBarTitleText": "","enablePullDownRefresh": true}},
				{"path": "project/record","custom_file":"project","style": {"navigationBarTitleText": "","enablePullDownRefresh": true}},
				// {"path": "project/my","custom_file":"project","style": {"navigationBarTitleText": "我的项目","enablePullDownRefresh": true}},
				{"path": "project/myrecord","custom_file":"project","style": {"navigationBarTitleText": "我的项目","enablePullDownRefresh": true}},
				{"path": "project/detail","custom_file":"project","style": {"navigationBarTitleText": "项目详情","enablePullDownRefresh": true}},
				{"path": "my/fuchi","custom_file":"commission_frozen","style": {"navigationBarTitleText": "","enablePullDownRefresh": true}},
				{"path": "certificate_poster/index","custom_file":"certificate_poster","style": {"navigationBarTitleText": "","enablePullDownRefresh": true}},
				{"path": "certificate_poster/record","custom_file":"certificate_poster","style": {"navigationBarTitleText": "","enablePullDownRefresh": true}},
				{"path": "certificate_poster/detail","custom_file":"certificate_poster","style": {"navigationBarTitleText": "","enablePullDownRefresh": true}},
				{"path": "hbtk/index","custom_file":"yx_hbtk","style": {"navigationBarTitleText": "","enablePullDownRefresh": false}},
				{"path": "hbtk/orderlist","custom_file":"yx_hbtk","style": {"navigationBarTitleText": "记录列表","enablePullDownRefresh": false}},
				{"path": "hbtk/orderdetail","custom_file":"yx_hbtk","style": {"navigationBarTitleText": "记录详情","enablePullDownRefresh": false}},
				{"path": "paotui/index","custom_file":"paotui","style": {"navigationBarTitleText": "跑腿","enablePullDownRefresh": false}},
				{"path": "paotui/address","custom_file":"paotui","style": {"navigationBarTitleText": "","enablePullDownRefresh": false}},
				{"path": "paotui/orderlist","custom_file":"paotui","style": {"navigationBarTitleText": "订单列表","enablePullDownRefresh": true}},
				{"path": "paotui/orderdetail","custom_file":"paotui","style": {"navigationBarTitleText": "订单详情","enablePullDownRefresh": true}},
				
				{"path": "article/artlist","style": {"enablePullDownRefresh": true}},
				{"path": "article/detail","style": {"enablePullDownRefresh": true}},
				{"path": "article/pinglun","style": {"navigationBarTitleText": "","enablePullDownRefresh": true}},
				{"path": "article/record","custom_file":"article_files","style": {"navigationBarTitleText": "我的资源","enablePullDownRefresh": true}},
				{"path": "article/fujian","custom_file":"article_files","style": {"navigationBarTitleText": "资源列表","enablePullDownRefresh": true}},
				{"path": "article/show","custom_file":"article_files","style": {"navigationBarTitleText": ""}},

				{"path": "luntan/class","custom_file":"luntan_second_category","style": {"navigationBarTitleText": "","navigationBarBackgroundColor": "#fff","enablePullDownRefresh": false}},
				{"path": "luntan/class2","custom_file":"luntan_second_category","style": {"navigationBarTitleText": "","navigationBarBackgroundColor": "#fff","enablePullDownRefresh": false}},
				{"path": "luntan/list","custom_file":"luntan_second_category","style": {"navigationBarTitleText": "","enablePullDownRefresh": false}},
				{"path": "commission/fenhongranking","custom_file":"fenhong_ranking","style": {"navigationBarTitleText": "分红排行"}},
				{"path": "commission/myyeji","custom_file":"member_show_buymoney","style": {"navigationBarTitleText": ""}},
				{"path": "commission/teamyeji","custom_file":"member_show_teamyeji","style": {"navigationBarTitleText": ""}},
				{"path": "commission/tjbusinessList","custom_file":"business_agent","style": {"navigationBarTitleText": "推荐商家"}},
				
				//百度AI绘画
				// {"path": "imgai/apply","custom_file":"image_ai","style": {"navigationBarTitleText": "AI绘画"}},
				//地图标注
				{"path": "mapmark/edit","custom_file":"map_mark","style": {"navigationBarTitleText": "申请地图标注"}},
				{"path": "mapmark/detail","custom_file":"map_mark","style": {"navigationBarTitleText": "地图标注信息"}},
				{"path": "videospider/analysis","custom_file":"video_spider","style": {"navigationBarTitleText": "解析"}},
				{"path": "videospider/detail","custom_file":"video_spider","style": {"navigationBarTitleText": "视频解析"}},
				{"path": "imgai/detail","custom_file":"image_ai","style": {"navigationBarTitleText": "绘画详情"}},
				{"path": "imgai/create","custom_file":"image_ai","style": {"navigationBarTitleText": "创作"}},
        
        {"path": "checkdate/checkDate","style": {"navigationBarTitleText": "选择日期","enablePullDownRefresh": true}}
				//此包不可新增文件
			]
		},
		{
			"root": "pagesZ",
			"pages": [
				{"path": "order/refundDetail","style": {"navigationBarTitleText": "退款详情","enablePullDownRefresh": true,"mp-weixin": {
							"usingComponents": {
								"sales-return":"plugin://logisticsPlugin/sales-return"
							}
						}
					}
				},
				{"path": "cerberuse/index","custom_file":"lot_cerberus","style": {"navigationBarTitleText": "智能开门"}},
				{"path": "cerberuse/detail","custom_file":"lot_cerberus","style": {"navigationBarTitleText": "智能开门详情"}},
				{"path": "cerberuse/buy","custom_file":"lot_cerberus","style": {"navigationBarTitleText": "智能开门购买"}},
				{"path": "cerberuse/orderlist","custom_file":"lot_cerberus","style": {"navigationBarTitleText": "订单列表"}},
				{"path": "cerberuse/orderdetail","custom_file":"lot_cerberus","style": {"navigationBarTitleText": "订单详情"}},
				{"path": "cerberuse/refund","custom_file":"lot_cerberus","style": {"navigationBarTitleText": "申请退款"}},
				{"path": "shop/classify","style": {"navigationBarTitleText": "分类商品","enablePullDownRefresh": false}},
				{"path": "shop/classify1","style": {"navigationBarTitleText": "港货超市","enablePullDownRefresh": false}}
				//此包不可新增文件
			]
		},
		{
            "root": "admin",
            "pages": [
                {"path": "index/login","style": {"navigationBarTitleText": "管理员登录"}},
                {"path": "index/index","style": {"navigationBarTitleText": "管理中心","enablePullDownRefresh": true,"navigationStyle": "custom"}},
                {"path": "index/commentAudit","style": {"navigationBarTitleText": "评价审核","enablePullDownRefresh": true,"navigationStyle": "custom"}},
                {"path": "index/setpage","style": {"navigationBarTitleText": "配置"}},
                {"path": "index/setnotice","style": {"navigationBarTitleText": "通知管理"}},
                {"path": "index/setpwd","style": {"navigationBarTitleText": "修改密码"}},
                {"path": "index/setinfo","style": {"navigationBarTitleText": "店铺设置"}},
                {"path": "index/recharge","style": {"navigationBarTitleText": "店铺设置"}},

				{"path": "hexiao/hexiao","style": {}},
				{"path": "hexiao/record","style": {"navigationBarTitleText": "我的核销","enablePullDownRefresh": true,"titleNView":{"searchInput":{"placeholder":"输入用户昵称搜索","borderRadius":"15px"},"buttons":[{"type":"home"}]}}},
				{"path": "hexiao/recordgroup","custom_file":"hexiao_record_group","style": {"navigationBarTitleText": "我的核销","enablePullDownRefresh": true}},
				{"path": "finance/index","style": {"navigationBarTitleText": "财务","navigationStyle": "custom"}},
				{"path": "finance/commissionlog","style": {}},
				{"path": "finance/comwithdrawdetail","style": {}},
				{"path": "finance/comwithdrawlog","style": {}},
				{"path": "finance/moneylog","style": {}},
				{"path": "finance/scorelog","custom_file":"admin_m_show_scorelog","style": {"navigationBarTitleText": "我的核销","enablePullDownRefresh": true}},
				{"path": "finance/bscorelog","style": {}},
				{"path": "finance/rechargelog","style": {"navigationBarTitleText": "充值记录"}},
				{"path": "finance/withdrawdetail","style": {}},
				{"path": "finance/withdrawlog","style": {}},
				{"path": "finance/bmoneylog","style": {"navigationBarTitleText": "余额明细"}},
				{"path": "finance/bwithdraw","style": {"navigationBarTitleText": "余额提现"}},
				{"path": "finance/bwithdrawlog","style": {"navigationBarTitleText": "提现记录"}},
				{"path": "finance/txset","style": {"navigationBarTitleText": "提现信息"}},
				{"path": "finance/yuebaowithdrawlog","style": {"enablePullDownRefresh": true}},
				{"path": "finance/yuebaowithdrawdetail","style": {}},
				{"path": "finance/yuebaolog","style": {}},

				{"path": "finance/mdmoneylog","style": {"navigationBarTitleText": "余额明细"}},
				{"path": "finance/mdwithdraw","style": {"navigationBarTitleText": "余额提现"}},
				{"path": "finance/mdwithdrawlog","style": {"navigationBarTitleText": "提现记录"}},
				{"path": "finance/mdtxset","style": {"navigationBarTitleText": "提现信息"}},

				{"path": "couponmoney/record","custom_file":"business_canuseplatcoupon","style": {"navigationBarTitleText": "补贴券使用记录"}},
				{"path": "couponmoney/withdraw","custom_file":"business_canuseplatcoupon","style": {"navigationBarTitleText": "补贴券提现"}},
				{"path": "couponmoney/withdrawlog","custom_file":"business_canuseplatcoupon","style": {"navigationBarTitleText": "补贴券提现记录"}},
                
				{"path": "kefu/index","style": {"navigationBarTitleText": "消息列表"}},
				{"path": "kefu/message","style": {"titleNView":{"searchInput":{"placeholder":"输入关键字搜索","borderRadius":"15px"},"buttons":[{"type":"home"}]}}},
				{"path": "member/index","style": {}},
				{"path": "member/detail","style": {}},
				{"path": "member/richinfo","style": {"navigationBarTitleText": "详细介绍"}},
				{"path": "member/history","style": {"navigationBarTitleText": "足迹"}},
				{"path": "member/code","custom_file":"member_code","style": {"navigationBarTitleText": "","enablePullDownRefresh": true}},
				{"path": "member/codebuy","custom_file":"member_code","style": {"navigationBarTitleText": "","enablePullDownRefresh": true}},
				{"path": "order/collageorder","style": {"navigationBarTitleText": "拼团订单","enablePullDownRefresh": true,"titleNView":{"searchInput":{"placeholder":"输入关键字搜索","borderRadius":"15px"},"buttons":[{"type":"home"}]}}},
				{"path": "order/collageorderdetail","style": {"navigationBarTitleText": "订单详情","enablePullDownRefresh": true}},
				{"path": "order/cycleorder","style": {"navigationBarTitleText": "周期购订单","enablePullDownRefresh": true,"titleNView":{"searchInput":{"placeholder":"输入关键字搜索","borderRadius":"15px"},"buttons":[{"type":"home"}]}}},
				{"path": "order/cycleorderdetail","style": {"navigationBarTitleText": "订单详情","enablePullDownRefresh": true}},
				{"path": "order/cycleplanlist","style": {"navigationBarTitleText": "计划列表","enablePullDownRefresh": true}},
				{"path": "order/cycleplandetail","style": {"navigationBarTitleText": "计划详情","enablePullDownRefresh": true}},
                

				
				{"path": "order/scoreshoporder","style": {"navigationBarTitleText": "积分兑换订单","enablePullDownRefresh": true,"titleNView":{"searchInput":{"placeholder":"输入关键字搜索","borderRadius":"15px"},"buttons":[{"type":"home"}]}}},
				{"path": "order/scoreshoporderdetail","style": {"navigationBarTitleText": "订单详情","enablePullDownRefresh": true}},
				{"path": "order/shoporder","style": {"navigationBarTitleText": "商城订单","enablePullDownRefresh": true,"titleNView":{"searchInput":{"placeholder":"输入关键字搜索","borderRadius":"15px"},"buttons":[{"type":"home"}]}}},
				{"path": "order/shoporderdetail","style": {"navigationBarTitleText": "订单详情","enablePullDownRefresh": true}},
				{"path": "order/shopRefundOrder","style": {"navigationBarTitleText": "退款订单","enablePullDownRefresh": true,"titleNView":{"searchInput":{"placeholder":"输入关键字搜索","borderRadius":"15px"},"buttons":[{"type":"home"}]}}},
				{"path": "order/shopRefundOrderDetail","style": {"navigationBarTitleText": "退款订单详情","enablePullDownRefresh": true}},
				{"path": "order/weightOrderFahuo","custom_file":"product_weight","style": {"navigationBarTitleText": "发货"}},

				{"path": "order/tuangouorder","style": {"navigationBarTitleText": "团购订单","enablePullDownRefresh": true,"titleNView":{"searchInput":{"placeholder":"输入关键字搜索","borderRadius":"15px"},"buttons":[{"type":"home"}]}}},
				{"path": "order/tuangouorderdetail","style": {"navigationBarTitleText": "订单详情","enablePullDownRefresh": true}},
	
				{"path": "order/yuekeorder","style": {"navigationBarTitleText": "约课记录","enablePullDownRefresh": true,"titleNView":{"searchInput":{"placeholder":"输入关键字搜索","borderRadius":"15px"},"buttons":[{"type":"home"}]}}},
				{"path": "order/yuekeorderdetail","style": {"navigationBarTitleText": "约课详情","enablePullDownRefresh": true}},
				{"path": "order/dkorder","custom_file":"order_add_mobile","style": {"navigationBarTitleText": "代客下单","enablePullDownRefresh": false,"navigationStyle": "custom"}},
				{"path": "order/dkaddress","custom_file":"order_add_mobile","style": {"navigationBarTitleText": "地址","enablePullDownRefresh": false}},
				{"path": "order/dkaddressadd","custom_file":"order_add_mobile","style": {"navigationBarTitleText": "添加地址","enablePullDownRefresh": false}},
				{"path": "order/dkfastbuy","style": {"navigationBarTitleText": "选择商品","enablePullDownRefresh": false}},
				{"path": "order/dksearch","style": {"navigationBarTitleText": "商品搜索","enablePullDownRefresh": false}},
				{"path": "order/maidanlog"},//2.5.5
				{"path": "order/addmember","custom_file":"member_add","style": {"navigationBarTitleText": "添加会员","enablePullDownRefresh": false}},
		
                
				
				{"path": "form/formlog","style": {"navigationBarTitleText": "表单提交记录","titleNView":{"searchInput":{"placeholder":"输入关键字搜索","borderRadius":"15px"},"buttons":[{"type":"home"}]}}},
				{"path": "form/formdetail","style": {"navigationBarTitleText": "表单提交记录"}},
				
				{"path": "shortvideo/uploadvideo","style": {"navigationBarTitleText": "发布短视频"}},
				{"path": "shortvideo/myupload","style": {"navigationBarTitleText": "我的发表记录"}},

				{"path": "product/edit","style": {"navigationBarTitleText": "商品设置"}},
				{"path": "product/index","style": {"navigationBarTitleText": "商品管理","enablePullDownRefresh": true,"titleNView":{"searchInput":{"placeholder":"输入关键字搜索","borderRadius":"15px"},"buttons":[{"type":"home"},{"type":"none","fontSrc":"/static/font/iconfont.ttf","text":"\ue609"}]}}},
				{"path": "product/category2/index","custom_file":"shop_categroy_business_mobile","style": {"navigationBarTitleText": "商家商品分类"}},
				{"path": "product/category2/edit","custom_file":"shop_categroy_business_mobile","style": {"navigationBarTitleText": "添加商家商品分类"}},
				{"path": "index/businessqr","style": {"navigationBarTitleText": "推广码"}},
				
				{"path": "scoreproduct/edit","custom_file":"scoreshop_product_mobileedit","style": {"navigationBarTitleText": "兑换商品设置"}},
			{"path": "scoreproduct/index","custom_file":"scoreshop_product_mobileedit","style": {"navigationBarTitleText": "兑换商品管理","enablePullDownRefresh": true,"titleNView":{"searchInput":{"placeholder":"输入关键字搜索","borderRadius":"15px"},"buttons":[{"type":"home"}]}}},

				
				{"path": "health/record","custom_file":"health_assessment","style": {"navigationBarTitleText": "填写记录","enablePullDownRefresh": true}},
				{"path": "health/recordlog","custom_file":"health_assessment","style": {"navigationBarTitleText": "评测详情","enablePullDownRefresh": true}},
				{"path": "health/result","custom_file":"health_assessment","style": {"navigationBarTitleText": "评测结果","enablePullDownRefresh": true}},
				
				{"path": "yingxiao/queueFree","custom_file":"yx_queue_free","style": {"navigationBarTitleText": "排队记录","enablePullDownRefresh": true}},
				{"path": "product/editstock","custom_file":"product_sync_business","style": {"navigationBarTitleText": "修改库存"}},
				{"path": "business/index","custom_file":"business_sales_quota","style": {"navigationBarTitleText": "商家列表"}}
				
			]
		},
		{
			"root": "adminExt",
			"pages": [
				{"path": "order/maidanlog","style": {"navigationBarTitleText": "买单记录","enablePullDownRefresh": true,"titleNView":{"searchInput":{"placeholder":"输入用户昵称或订单号搜索","borderRadius":"15px"},"buttons":[{"type":"home"}]}}},
				{"path": "order/maidandetail","style": {"navigationBarTitleText": "买单详情","enablePullDownRefresh": true}},
				{"path": "order/maidanindex","style": {"navigationBarTitleText": "买单统计","enablePullDownRefresh": true}},
				{"path": "mendian/list","custom_file":"mendian_upgrade","style": {"navigationBarTitleText": "","enablePullDownRefresh": true}},
				{"path": "mendian/detail","custom_file":"mendian_upgrade","style": {"navigationBarTitleText": "","enablePullDownRefresh": true}},
				{"path": "mendian/withdrawlog","custom_file":"mendian_upgrade","style": {"navigationBarTitleText": "佣金提现","enablePullDownRefresh": true}},
			{"path": "mendian/withdrawdetail","custom_file":"mendian_upgrade","style": {"navigationBarTitleText": "佣金提现详情","enablePullDownRefresh": true}},
				{"path": "huodongbaoming/order","custom_file":"huodong_baoming","style": {"navigationBarTitleText": "活动报名订单","enablePullDownRefresh": true}},
				{"path": "huodongbaoming/orderdetail","custom_file":"huodong_baoming","style": {"navigationBarTitleText": "订单详情","enablePullDownRefresh": true}},
				{"path": "shop/shopstock","custom_file":"shop_add_stock_mobile","style": {"navigationBarTitleText": "录入库存","enablePullDownRefresh": true,"navigationStyle": "custom"}},
				{"path": "shop/shopstockgoods","custom_file":"shop_add_stock_mobile","style": {"navigationBarTitleText": "选择商品","enablePullDownRefresh": false}},
				{"path": "coupon/index","custom_file":"coupon_manage_mobile","style": {"enablePullDownRefresh": true,"titleNView":{"searchInput":{"placeholder":"输入关键字搜索","borderRadius":"15px"},"buttons":[{"type":"home"}]}}},
				{"path": "coupon/edit","custom_file":"coupon_manage_mobile","style": {"enablePullDownRefresh": false}},
			{"path": "coupon/prolist","custom_file":"coupon_manage_mobile","style": {"navigationBarTitleText": "服务商品","enablePullDownRefresh": false}},
			{"path": "coupon/category","custom_file":"coupon_manage_mobile","style": {"navigationBarTitleText": "商品分类","enablePullDownRefresh": false}},
				{"path": "bonuspoolgold/goldlog","custom_file":"bonus_pool_gold","style": {"navigationBarTitleText": "金币明细","enablePullDownRefresh": false}},
				{"path": "bonuspoolgold/goldwithdraw","custom_file":"bonus_pool_gold","style": {"navigationBarTitleText": "金币兑换","enablePullDownRefresh": false}},
				{"path": "finance/transfermendianmoney","custom_file":"mendian_money_transfer","style": {"navigationBarTitleText": "余额转账","enablePullDownRefresh": false}},
				{"path": "set/qrcodeShop","style": {"navigationBarTitleText": "店铺二维码","enablePullDownRefresh": false}},
				{"path": "queuefree/queueFreeSet","custom_file":"yx_queue_free_wxadmin_set","style": {"navigationBarTitleText": "排队免单设置","enablePullDownRefresh": false}}
			]
		},


		{
		   "root":"pagesA",
		   "pages":[
					{"path": "commission/baodanfreezelog","custom_file":"product_baodan","style": {"navigationBarTitleText": "报单佣金冻结记录","enablePullDownRefresh": true}},
					{"path": "tour/index","custom_file":"extend_tour","style": {"navigationBarTitleText": "活动列表","enablePullDownRefresh": true}},
					{"path": "tour/product","custom_file":"extend_tour","style": {"navigationBarTitleText": "活动详情","enablePullDownRefresh": true}},
					{"path": "tour/buy","custom_file":"extend_tour","style": {"navigationBarTitleText": "订单确认","enablePullDownRefresh": false}},
					{"path": "tour/orderlist","custom_file":"extend_tour","style": {"navigationBarTitleText": "活动订单列表","enablePullDownRefresh": true,"titleNView":{"searchInput":{"placeholder":"输入关键字搜索","borderRadius":"15px"},"buttons":[{"type":"home"}]}}},
					{"path": "tour/orderdetail","custom_file":"extend_tour","style": {"navigationBarTitleText": "订单详情","enablePullDownRefresh": true}},
					{"path": "tour/refund","custom_file":"extend_tour","style": {"navigationBarTitleText": "申请退款","enablePullDownRefresh": true}},
					{"path": "tour/apply","custom_file":"extend_tour","style": {"navigationBarTitleText": "申请导游","enablePullDownRefresh": false}},
					{"path": "tour/tuiguang","custom_file":"extend_tour","style": {"navigationBarTitleText": "推广码","enablePullDownRefresh": false}},
					{"path": "tour/lookupimg","custom_file":"extend_tour","style": {"navigationBarTitleText": "订单图片","enablePullDownRefresh": false}},
					{"path": "tour/upimg","custom_file":"extend_tour","style": {"navigationBarTitleText": "上传图片","enablePullDownRefresh": false}},
					{"path": "tour/lookalbum","custom_file":"extend_tour","style": {"navigationBarTitleText": "查看图片","enablePullDownRefresh": false}},
					{"path": "business/poster","custom_file":"business_poster","style": {"navigationBarTitleText": "分享海报","enablePullDownRefresh": true}},
					
					{"path": "rechargeyj/log","custom_file":"member_recharge_yj","style": {"enablePullDownRefresh": true}},
					{"path": "rechargeyj/withdraw","custom_file":"member_recharge_yj","style": {"enablePullDownRefresh": true}},
					{"path": "rechargeyj/index","custom_file":"member_recharge_yj","style": {"navigationBarTitleText": "我的业绩","enablePullDownRefresh": true}},
					{"path": "my/memberCode","custom_file":"member_code","style": {"navigationBarTitleText": "","enablePullDownRefresh": true}},
					
					{"path": "health/index","custom_file":"health_assessment","style": {"navigationBarTitleText": "量表评测","enablePullDownRefresh": true}},
					{"path": "health/main","custom_file":"health_assessment","style": {"navigationBarTitleText": "","enablePullDownRefresh": true}},
					{"path": "health/question","custom_file":"health_assessment","style": {"navigationBarTitleText": "评测","enablePullDownRefresh": true}},
					{"path": "health/recordlog","custom_file":"health_assessment","style": {"navigationBarTitleText": "评测详情","enablePullDownRefresh": true}},
					{"path": "health/result","custom_file":"health_assessment","style": {"navigationBarTitleText": "评测结果","enablePullDownRefresh": true}},
					{"path": "health/record","custom_file":"health_assessment","style": {"navigationBarTitleText": "量表记录","enablePullDownRefresh": true}},
					
					{"path": "giftbag/index","custom_file":"extend_gift_bag","style": {"navigationBarTitleText": "礼包列表","enablePullDownRefresh": false}},
					{"path": "giftbag/list","custom_file":"extend_gift_bag","style": {"navigationBarTitleText": "礼包活动列表","enablePullDownRefresh": false}},
					{"path": "giftbag/detail","custom_file":"extend_gift_bag","style": {"navigationBarTitleText": "礼包活动详情","enablePullDownRefresh": false}},
					{"path": "giftbag/buy","custom_file":"extend_gift_bag","style": {"navigationBarTitleText": "订单确认","enablePullDownRefresh": false}},
					{"path": "giftbag/orderlist","custom_file":"extend_gift_bag","style": {"navigationBarTitleText": "订单列表","enablePullDownRefresh": true,"titleNView":{"searchInput":{"placeholder":"输入关键字搜索","borderRadius":"15px"},"buttons":[{"type":"home"}]}}},
					{"path": "giftbag/orderdetail","custom_file":"extend_gift_bag","style": {"navigationBarTitleText": "订单详情","enablePullDownRefresh": true}},
					{"path": "shortvideo/looklog","custom_file":"yx_shortvideo_jindubag","style": {"navigationBarTitleText": "短视频记录","enablePullDownRefresh": true}},
					
					//随行付入驻
					{"path": "sxpay/apply","custom_file":"sxpay_c2b","style": {"navigationBarTitleText": "随行付入驻","enablePullDownRefresh": false}},
					{"path": "sxpay/myapply","custom_file":"sxpay_c2b","style": {"navigationBarTitleText": "随行付入驻记录","enablePullDownRefresh": false}},
					
					//好友系统
					{"path": "friend/index","custom_file":"member_friend","style": {"navigationBarTitleText": "我的好友","enablePullDownRefresh": true}},
					{"path": "friend/add","custom_file":"member_friend","style": {"navigationBarTitleText": "添加好友","enablePullDownRefresh": false}},
					{"path": "friend/scan","custom_file":"member_friend","style": {"navigationBarTitleText": "扫码加好友","enablePullDownRefresh": true}},
					{"path": "friend/search","custom_file":"member_friend","style": {"navigationBarTitleText": "好友检索","enablePullDownRefresh": true}},
					{"path": "friend/transferlog","custom_file":"member_friend","style": {"navigationBarTitleText": "转账明细","enablePullDownRefresh": true}},
					
					{"path": "score/transfer","custom_file":"score_business_to_member","style": {"navigationBarTitleText": "转入转出","enablePullDownRefresh": true}},
					
					{"path": "qrcode/index","custom_file":"extend_qrcode","style": {"navigationBarTitleText": "","enablePullDownRefresh": false}},
					{"path": "agent/priceRate","custom_file":"product_price_rate","style": {"navigationBarTitleText": "","enablePullDownRefresh": false}},
					{"path": "agent/memberPriceRate","custom_file":"member_level_price_rate","style": {"navigationBarTitleText": "","enablePullDownRefresh": false}},
					
					{"path": "shop/productComment","custom_file":"product_comment","style": {"navigationBarTitleText": "商品评价","enablePullDownRefresh": false}},
					{"path": "commission/teamshouyi","custom_file":"teamfenhong_shouyi","style": {"navigationBarTitleText": "团队收益","enablePullDownRefresh": true}},
					{"path": "my/xiaofeimoneylog","custom_file":"commission_xiaofei","style": {"navigationBarTitleText": "冻结佣金明细","enablePullDownRefresh": true}},
					{"path": "my/invitecashbacklog","custom_file":"yx_invite_cashback","style": {"navigationBarTitleText": "邀请返现明细","enablePullDownRefresh": true}},
					{"path": "my/fhcopieslog","custom_file":"fenhong_jiaquan_bylevel","style": {"navigationBarTitleText": "分红份数","enablePullDownRefresh": true}},
					{"path": "bonuspool/withdraw","custom_file":"product_bonus_pool","style": {"navigationBarTitleText": "提现"}},
					{"path": "bonuspool/commissionlog","custom_file":"product_bonus_pool","style": {"navigationBarTitleText": "提现记录","enablePullDownRefresh": true}},
					{"path": "formdata/index","custom_file":"form_data","style": {"navigationBarTitleText": "","enablePullDownRefresh": true}},
					{"path": "formdata/detail","custom_file":"form_data","style": {"navigationBarTitleText": "详情","enablePullDownRefresh": false}},
					{"path": "cashier/orderlist","style": {"navigationBarTitleText": "订单列表","enablePullDownRefresh": true}},
					{"path": "cashier/orderdetail","style": {"navigationBarTitleText": "订单详情","enablePullDownRefresh": true}},
					
                    
					
					{"path": "overdraft/moneylog","custom_file":"member_overdraft_money","style": {"navigationBarTitleText": "","enablePullDownRefresh": true}},
					{"path": "overdraft/recharge","custom_file":"member_overdraft_money","style": {"enablePullDownRefresh": true}},
					{"path": "overdraft/detail","custom_file":"member_overdraft_money","style": {"enablePullDownRefresh": true}},
					{"path": "xianxia/mycoupon","custom_file":"coupon_xianxia_buy","style": {"enablePullDownRefresh": true}},
					{"path": "xianxia/myteam","custom_file":"coupon_xianxia_buy","style": {"enablePullDownRefresh": true}},
					{"path": "xianxia/commissionlog","custom_file":"coupon_xianxia_buy","style": {"enablePullDownRefresh": true}},
					{"path": "xianxia/commissionloginfo","custom_file":"coupon_xianxia_buy","style": {"enablePullDownRefresh": true,"navigationBarTitleText": "发放奖励"}},
					{"path": "xianxia/membercommissionlog","custom_file":"coupon_xianxia_buy","style": {"enablePullDownRefresh": true}},
					{"path": "xianxia/objection","custom_file":"coupon_xianxia_buy","style": {"enablePullDownRefresh": true,"navigationBarTitleText": "提交异议"}},
					{"path": "regionpartner/apply","custom_file":"region_partner","style": {"navigationBarTitleText": "申请合伙人","enablePullDownRefresh": true}},
					{"path": "regionpartner/partner","custom_file":"region_partner","style": {"navigationBarTitleText": "合伙人列表","enablePullDownRefresh": true}},
					{"path": "regionpartner/fhlog","custom_file":"region_partner","style": {"navigationBarTitleText": "分红记录","enablePullDownRefresh": true}},
					
					{"path": "dscj/index","custom_file":"choujiang_time","style": {"navigationBarTitleText": "定时抽奖","enablePullDownRefresh": false}},
					{"path": "dscj/prize","custom_file":"choujiang_time","style": {"navigationBarTitleText": "中奖名单","enablePullDownRefresh": false}},
					{"path": "dscj/myrecord","custom_file":"choujiang_time","style": {"navigationBarTitleText": "抽奖记录","enablePullDownRefresh": false}},
					
					{"path": "hongbaoEveryday/index","custom_file":"everyday_hongbao","style": {"navigationBarTitleText": "活动","enablePullDownRefresh": true}},
					{"path": "hongbaoEveryday/log","custom_file":"everyday_hongbao","style": {"navigationBarTitleText": "获得记录","enablePullDownRefresh": true}},
					{"path": "hongbaoEveryday/eduLog","custom_file":"everyday_hongbao","style": {"navigationBarTitleText": "额度记录","enablePullDownRefresh": true}},
					{"path": "hongbaoEveryday/withdraw","custom_file":"everyday_hongbao","style": {"navigationBarTitleText": "提现","enablePullDownRefresh": true}},
					{"path": "cashback/index","style": {"navigationBarTitleText": "返现活动","enablePullDownRefresh": true}},
					{"path": "cashback/recordlog","style": {"navigationBarTitleText": "返现记录","enablePullDownRefresh": true}},
					{"path": "my/withdrawXiaoetong","custom_file":"transfer_farsion","style": {"navigationBarTitleText": "快商小额通签约","enablePullDownRefresh": true}},
					{"path": "shop/addressorder","custom_file":"member_auto_addlogin","style": {"navigationBarTitleText": "填写地址","enablePullDownRefresh": false}},
					
					{"path": "certificate/index","custom_file":"extend_certificate","style": {"navigationBarTitleText": "证书列表","enablePullDownRefresh": true}},
					{"path": "certificate/edit","custom_file":"extend_certificate","style": {"navigationBarTitleText": "编辑证书","enablePullDownRefresh": true}},
					{"path": "certificate/detail","custom_file":"extend_certificate","style": {"navigationBarTitleText": "详情","enablePullDownRefresh": true}},
					{"path": "certificate/mylist","custom_file":"extend_certificate","style": {"navigationBarTitleText": "我的证书列表","enablePullDownRefresh": true}},
					{"path": "commission/regionagent","custom_file":"areafenhong_region_ranking","style": {"navigationBarTitleText": "区域代理排行榜","enablePullDownRefresh": true}},
          {"path": "commission/ranking","custom_file":"areafenhong_region_ranking","style": {"navigationBarTitleText": "排行榜活动","enablePullDownRefresh": false}},
          {"path": "commission/rankingdetail","custom_file":"areafenhong_region_ranking","style": {"navigationBarTitleText": "排行榜活动详情","enablePullDownRefresh": false}},
          {"path": "commission/rankingorder","custom_file":"areafenhong_region_ranking","style": {"navigationBarTitleText": "排行榜活动订单","enablePullDownRefresh": false}},
					{"path": "hikvision/detail","custom_file":"camera_hikvision","style": {"navigationBarTitleText": "视频监控","enablePullDownRefresh": true}},
					{"path": "hikvision/hikvisionlist","custom_file":"camera_hikvision","style": {"navigationBarTitleText": "视频监控列表","enablePullDownRefresh": true}},
					{"path": "businessFenxiao/mendian","custom_file":"business_fenxiao","style": {"navigationBarTitleText": "门店","enablePullDownRefresh": true}},
					{"path": "businessFenxiao/shuju","custom_file":"business_fenxiao","style": {"navigationBarTitleText": "我的收益","enablePullDownRefresh": true}},
					{"path": "businessFenxiao/mingxi","custom_file":"business_fenxiao","style": {"navigationBarTitleText": "营业额明细","enablePullDownRefresh": true}},
					{"path": "businessFenxiao/mendianlist","custom_file":"business_fenxiao","style": {"navigationBarTitleText": "门店列表","enablePullDownRefresh": true}},
					{"path": "businessFenxiao/bonuslog","custom_file":"business_fenxiao","style": {"navigationBarTitleText": "收入明细","enablePullDownRefresh": true}},
					{"path": "commission/fenhong_huiben","custom_file":"fenhong_gudong_huiben","style": {"navigationBarTitleText": "回本股东分红","enablePullDownRefresh": true}},
					{"path": "queueFree/index","custom_file":"yx_queue_free","style": {"navigationBarTitleText": "排队返现","enablePullDownRefresh": true}},
					{"path": "w","custom_file":"extend_qrcode_variable","style": {"navigationBarTitleText": "","enablePullDownRefresh": true}},
					{"path": "mendian/list","custom_file":"mendian_list","style": {"navigationBarTitleText": "门店列表","enablePullDownRefresh": true}},
					{"path": "commission/business_teamfenhong","custom_file":"business_teamfenhong","style": {"navigationBarTitleText": "商家团队分红","enablePullDownRefresh": true}},
					{"path": "handwork/handlist","custom_file":"product_handwork","style": {"navigationBarTitleText": "回寄订单","enablePullDownRefresh": true,"titleNView":{"searchInput":{"placeholder":"输入关键字搜索","borderRadius":"15px"},"buttons":[{"type":"home"}]}}},
					
					{"path": "handwork/handDetail","custom_file":"product_handwork","style": {"navigationBarTitleText": "回寄详情","enablePullDownRefresh": true}},
					{"path": "handwork/hand","custom_file":"product_handwork","style": {"navigationBarTitleText": "回寄","enablePullDownRefresh": true}},
					{"path": "handwork/list","custom_file":"product_handwork","style": {"navigationBarTitleText": "总回寄订单","enablePullDownRefresh": true}},
					{"path": "baomingxcx/index","custom_file":"baoming_xcx","style": {"navigationBarTitleText": "报名","enablePullDownRefresh": true}},
					{"path": "livepay/mobile_recharge","style": {"navigationBarTitleText": "手机充值","enablePullDownRefresh": false}},
					{"path": "livepay/ordinary_recharge","style": {"navigationBarTitleText": "充值","enablePullDownRefresh": false}},
					{"path": "livepay/record_recharge","style": {"navigationBarTitleText": "充值记录","enablePullDownRefresh": true}},
					
					{"path": "levelupauth/salelist","custom_file":"member_levelup_auth","style": {"navigationBarTitleText": "售卖会员等级","enablePullDownRefresh": true}},
					{"path": "levelupauth/give","custom_file":"member_levelup_auth","style": {"navigationBarTitleText": "领取会员等级","enablePullDownRefresh": true}},
					{"path": "levelupauth/buy","custom_file":"member_levelup_auth","style": {"navigationBarTitleText": "购买会员等级","enablePullDownRefresh": true}},
					{"path": "levelupauth/buyorderlist","custom_file":"member_levelup_auth","style": {"navigationBarTitleText": "购买订单","enablePullDownRefresh": true}},
					{"path": "levelupauth/orderdetail","custom_file":"member_levelup_auth","style": {"navigationBarTitleText": "订单详情","enablePullDownRefresh": true}},
					{"path": "levelupauth/saleorderlist","custom_file":"member_levelup_auth","style": {"navigationBarTitleText": "售卖订单","enablePullDownRefresh": true}},
					{"path": "levelupauth/leveldetail","custom_file":"member_levelup_auth","style": {"navigationBarTitleText": "等级详情","enablePullDownRefresh": true}},
					{"path": "commission/commissionbutie","custom_file":"commission_butie","style": {"navigationBarTitleText": "分销补贴","enablePullDownRefresh": true}},
					{"path": "commission/commissionbutielog","custom_file":"commission_butie","style": {"navigationBarTitleText": "发放记录","enablePullDownRefresh": true}},
			
					{"path": "score/scoreranking","custom_file":"score_ranking","style": {"navigationBarTitleText": "","enablePullDownRefresh": true}},
					{"path": "my/tongzhenglog","custom_file":"product_givetongzheng","style": {"navigationBarTitleText": "通证记录","enablePullDownRefresh": true}},
					{"path": "my/tongzhengreleaselog","custom_file":"product_givetongzheng","style": {"navigationBarTitleText": "通证释放记录","enablePullDownRefresh": true}},
					{"path": "my/tongzhengtransfer","custom_file":"product_givetongzheng","style": {"navigationBarTitleText": "通证转账","enablePullDownRefresh": true}},
					{"path": "my/tongzhengorderlog","custom_file":"product_givetongzheng","style": {"navigationBarTitleText": "通证订单记录","enablePullDownRefresh": true}},
					{"path": "lottery/index","custom_file":"yx_choujiang_manren","style": {"navigationBarTitleText": "抽奖","enablePullDownRefresh": true}},
					{"path": "lottery/myprize","custom_file":"yx_choujiang_manren","style": {"navigationBarTitleText": "抽奖记录","enablePullDownRefresh": true}},
					{"path": "giftpack/list","custom_file":"yx_gift_pack","style": {"navigationBarTitleText": "礼包列表","enablePullDownRefresh": false}},
					{"path": "giftpack/detail","custom_file":"yx_gift_pack","style": {"navigationBarTitleText": "礼包活动详情","enablePullDownRefresh": false}},
					{"path": "giftpack/orderlist","custom_file":"yx_gift_pack","style": {"navigationBarTitleText": "我的礼包","enablePullDownRefresh": false}},
					{"path": "giftpack/orderdetail","custom_file":"yx_gift_pack","style": {"navigationBarTitleText": "礼包详情","enablePullDownRefresh": false}},
					{"path": "banklist/bank","custom_file":"yx_gift_pack","style": {"navigationBarTitleText": "银行卡列表","enablePullDownRefresh": false}},
					{"path": "banklist/bankadd","custom_file":"yx_gift_pack","style": {"navigationBarTitleText": "银行卡列表","enablePullDownRefresh": false}},
          
          {"path": "douyin_groupbuy/index","custom_file":"douyin_groupbuy","style": {"navigationBarTitleText": "抖音团购核销","enablePullDownRefresh": false}},
          {"path": "douyin_groupbuy/selmendian","custom_file":"douyin_groupbuy","style": {"navigationBarTitleText": "选择门店","enablePullDownRefresh": false}},
          {"path": "douyin_groupbuy/buy","custom_file":"douyin_groupbuy","style": {"navigationBarTitleText": "提交订单","enablePullDownRefresh": false}},
					{"path": "taocan/index","custom_file":"taocan_product","style": {"navigationBarTitleText": "套餐商品","enablePullDownRefresh": true}},
					{"path": "taocan/product","custom_file":"taocan_product","style": {"navigationBarTitleText": "商品详情","enablePullDownRefresh": false}},
					{"path": "taocan/libao","custom_file":"taocan_product","style": {"navigationBarTitleText": "套餐选择","enablePullDownRefresh": false}},
					{"path": "taocan/buy","custom_file":"taocan_product","style": {"navigationBarTitleText": "购买套餐","enablePullDownRefresh": false}},
					{"path": "taocan/orderlist","custom_file":"taocan_product","style": {"navigationBarTitleText": "套餐订单","enablePullDownRefresh": true}},
					{"path": "taocan/orderdetail","custom_file":"taocan_product","style": {"navigationBarTitleText": "套餐订单详情","enablePullDownRefresh": false}},
					{"path": "taocan/refund","custom_file":"taocan_product","style": {"navigationBarTitleText": "退款","enablePullDownRefresh": false}},
					{"path": "taocan/comment","custom_file":"taocan_product","style": {"navigationBarTitleText": "评价","enablePullDownRefresh": false}},
					{"path": "helpnew/lists","custom_file":"custom_help","style": {"navigationBarTitleText": "帮助中心","enablePullDownRefresh": true}},
					{"path": "helpnew/detail","custom_file":"custom_help","style": {"navigationBarTitleText": "帮助详情","enablePullDownRefresh": true}},
					{"path": "taocan/fenhong","custom_file":"ganer_fenxiao","style": {"enablePullDownRefresh": true,"navigationBarTitleText": "平台分红","navigationBarBackgroundColor": "#f63337","navigationBarTextStyle": "white"}},
					
					{"path": "form/formlog","style": {"navigationBarTitleText": "提交记录","enablePullDownRefresh": true,"titleNView":{"searchInput":{"placeholder":"输入关键字搜索","borderRadius":"15px"},"buttons":[{"type":"home"}]}}},
					{"path": "form/formlog2","custom_file":"form_log_plug","style": {"navigationBarTitleText": "提交记录","enablePullDownRefresh": true}},
					{"path": "form/formdetail","style": {"navigationBarTitleText": "详细信息","enablePullDownRefresh": true}},
					{"path": "mendianup/apply","custom_file":"mendian_apply","style": {"navigationBarTitleText": "门店申请","enablePullDownRefresh": true}},
					{"path": "business/businessindex","custom_file":"business_nearby_list","style": {"navigationBarTitleText": "商家详情","enablePullDownRefresh": true}}	,
					{"path": "mendiancenter/hexiaouser","custom_file":"mendian_upgrade","style": {"navigationBarTitleText": "核销管理"}},
					{"path": "mendiancenter/addhexiao","custom_file":"mendian_upgrade","style": {"navigationBarTitleText": "添加核销人员"}},
					{"path": "mendiancenter/addhexiaouser","custom_file":"mendian_upgrade","style": {"navigationBarTitleText": "添加核销人员"}},
					{"path": "mendiancenter/orderlist","custom_file":"mendian_upgrade","style": {"navigationBarTitleText": "订单列表"}},
					{"path": "mendiancenter/orderdetail","custom_file":"mendian_upgrade","style": {"navigationBarTitleText": "订单详情"}},
					{"path": "mendiancenter/moneylog","custom_file":"mendian_upgrade","style": {"navigationBarTitleText": "佣金记录"}},
					{"path": "mendiancenter/withdraw","custom_file":"mendian_upgrade","style": {"navigationBarTitleText": "佣金提现"}},
					{"path": "mendiancenter/withdrawlog","custom_file":"mendian_upgrade","style": {"navigationBarTitleText": "提现记录"}},
					{"path": "mendiancenter/hxorderlist","custom_file":"mendian_upgrade","style": {"navigationBarTitleText": "用户待核销订单"}},
					{"path": "mendiancenter/mdtxset","custom_file":"mendian_upgrade","style": {"navigationBarTitleText": "门店提现设置"}},
					{"path": "mendiancenter/set","custom_file":"mendian_upgrade","style": {"navigationBarTitleText": "门店设置"}},
					{"path": "mendiancenter/hexiao","custom_file":"mendian_upgrade","style": {"navigationBarTitleText": "核销订单"}},
					{"path": "mendiancenter/my","custom_file":"mendian_upgrade","style": {"navigationBarTitleText": "门店中心"}}
				//此包不可新增文件
       ]
		},
		{
			"root": "pagesB",
			"pages": [
				{"path": "shop/classify2","style": {"navigationBarTitleText": "分类商品","enablePullDownRefresh": false}},//2.6.4
				{"path": "shop/buy","style": {"navigationBarTitleText": "订单确认","enablePullDownRefresh": false}},
				{"path": "mendianup/list","custom_file":"mendian_upgrade","style": {"navigationBarTitleText": "选择门店"}},
				{"path": "mendianup/searchlist","custom_file":"mendian_upgrade","style": {"navigationBarTitleText": ""}},
				{"path": "posscore/detail","custom_file":"pos_score_tongji","style": {"navigationBarTitleText": "设备管理"}},
				{"path": "paimingfenhong/withdraw","custom_file":"shop_paiming_fenhong","style": {"navigationBarTitleText": "排名分红转出"}},
				{"path": "paimingfenhong/user","custom_file":"shop_paiming_fenhong","style": {"navigationBarTitleText": "排名分红详情"}},
				{"path": "my/commissionwithdrawscorelog","custom_file":"commission_duipeng_score_withdraw","style": {"navigationBarTitleText": "提现积分明细"}},
				{"path": "huodongbaoming/prolist","custom_file":"huodong_baoming","style": {"navigationBarTitleText": "活动列表"}},
				{"path": "huodongbaoming/prolist2","custom_file":"huodong_baoming","style": {"navigationBarTitleText": "活动列表"}},
				{"path": "huodongbaoming/product","custom_file":"huodong_baoming","style": {"navigationBarTitleText": "活动详情"}},
				{"path": "huodongbaoming/proorderlist","custom_file":"huodong_baoming","style": {"navigationBarTitleText": "报名列表"}},
				{"path": "huodongbaoming/buy","custom_file":"huodong_baoming","style": {"navigationBarTitleText": "订单确认"}},
				{"path": "huodongbaoming/orderlist","custom_file":"huodong_baoming","style": {"navigationBarTitleText": "订单列表","enablePullDownRefresh": false,"titleNView":{"searchInput":{"placeholder":"输入关键字搜索","borderRadius":"15px"},"buttons":[{"type":"home"}]}}},
				{"path": "huodongbaoming/orderdetail","custom_file":"huodong_baoming","style": {"navigationBarTitleText": "订单详情","enablePullDownRefresh": false}},
				{"path": "daily/daily","custom_file":"daily_jinju","style": {"navigationBarTitleText": "每日金句"}},
				{"path": "daily/wqlist","custom_file":"daily_jinju","style": {"navigationBarTitleText": "每日金句列表"}},
				{"path": "businessmiandan/orderlist","custom_file":"yx_business_miandan","style": {"navigationBarTitleText": "订单列表","enablePullDownRefresh": false,"titleNView":{"searchInput":{"placeholder":"输入关键字搜索","borderRadius":"15px"},"buttons":[{"type":"home"}]}}},
				{"path": "shoporderranking/index","custom_file":"shoporder_ranking","style": {"navigationBarTitleText": "","enablePullDownRefresh": false}},
				{"path": "shoporderranking/log","custom_file":"shoporder_ranking","style": {"navigationBarTitleText": "","enablePullDownRefresh": false}},
				{"path": "shoporderranking/detail","custom_file":"shoporder_ranking","style": {"navigationBarTitleText": "","enablePullDownRefresh": false}},
				{"path": "order/uploadcard","custom_file":"product_supply_chain","style": {"navigationBarTitleText": "海关资料补充","enablePullDownRefresh": false}},
				{"path": "shop/categorypage","custom_file":"shop_category_page","style": {"navigationBarTitleText": "分类页商品","enablePullDownRefresh": false}},
				{"path": "membercard/receive","custom_file":"membercard_custom","style": {"navigationBarTitleText": "会员卡领取","enablePullDownRefresh": false}},
				{"path": "membercard/share","custom_file":"membercard_custom","style": {"navigationBarTitleText": "会员卡分享","enablePullDownRefresh": false}},
				{"path": "membercard/jiangli","custom_file":"membercard_custom","style": {"navigationBarTitleText": "获得奖励","enablePullDownRefresh": false}},
				{"path": "collage/jtteam","custom_file":"yx_collage_jieti","style": {"navigationBarTitleText": "参团列表","enablePullDownRefresh": false}},
				
				{"path": "team/teamyjranking","custom_file":"team_yeji_ranking","style": {"navigationBarTitleText": "团队业绩排行榜","enablePullDownRefresh": false}},
				{"path": "sign/pmlist","custom_file":"sign_pay_bonus","style": {"navigationBarTitleText": "奖励排名","enablePullDownRefresh": false}},
				{"path": "mendianup/fahuolog","custom_file":"mendian_upgrade","style": {"navigationBarTitleText": "拣货单记录","enablePullDownRefresh": true}},
				{"path": "mendianup/fahuoinfo","custom_file":"mendian_upgrade","style": {"navigationBarTitleText": "拣货单总表","enablePullDownRefresh": false}},
				{"path": "mendianup/hexiaolog","custom_file":"mendian_upgrade","style": {"navigationBarTitleText": "核销记录","enablePullDownRefresh": false}},
				{"path": "form/formlist","custom_file":"form_listpage","style": {"navigationBarTitleText": "活动列表","enablePullDownRefresh": false}},
				
                
				{"path": "ciruikang/stocklog","custom_file":"ciruikang_fenxiao","style": {"navigationBarTitleText": "库存记录"}},
		
				{"path": "service_fee/recharge","custom_file":"product_service_fee","style": {"enablePullDownRefresh": true}},
				{"path": "service_fee/servicefee_log","custom_file":"product_service_fee","style": {"enablePullDownRefresh": true}},
				{"path": "form/submember","custom_file":"form_show_submember","style": {"navigationBarTitleText": "报名会员"}},
				{"path": "pay/pay","custom_file":"sxpay_apptowx","style": {"navigationBarTitleText": "订单支付","enablePullDownRefresh": true}},
				{"path": "my/rewardToMember","custom_file":"business_reward_member","style": {"navigationBarTitleText": "商家打赏","enablePullDownRefresh": true}},
				{"path": "my/mangfanlog","custom_file":"yx_mangfan","style": {"enablePullDownRefresh": true}},
				{"path": "my/freezecreditlog","custom_file":"yx_queue_free_freeze_account","style": {"enablePullDownRefresh": true}},
				{"path": "my/freezeexchange","custom_file":"yx_queue_free_freeze_account","style": {"enablePullDownRefresh": true}},
				{"path": "my/exchangelog","custom_file":"yx_queue_free_freeze_account","style": {"enablePullDownRefresh": true}},
				{"path": "my/greenscorelog","custom_file":"consumer_value_add","style": {"enablePullDownRefresh": true}},
				{"path": "my/greenscoreWithdraw","custom_file":"consumer_value_add","style": {"enablePullDownRefresh": true}},
				{"path": "greenscore/greenscorelognew","custom_file":"greenscore_max","style": {"enablePullDownRefresh": true}},
				{"path": "greenscore/commissiontogreenscore","custom_file":"greenscore_max","style": {"navigationBarTitleText": "佣金转绿色积分","enablePullDownRefresh": true}},
				{"path": "greenscore/hongbao","custom_file":"greenscore_max","style": {"navigationBarTitleText": "红包","enablePullDownRefresh": true}},
				{"path": "admin/tradereport","custom_file":"finance_trade_report","style": {"navigationBarTitleText": "营业报表","enablePullDownRefresh": true}},
				{"path": "business/scorewithdraw","custom_file":"business_score_withdraw","style": {"navigationBarTitleText": "提现","enablePullDownRefresh": true}},
				{"path": "business/scorewithdrawlog","custom_file":"business_score_withdraw","style": {"navigationBarTitleText": "提现记录","enablePullDownRefresh": true}},

				{"path": "business/mybusiness","custom_file":"business_mybusiness","style": {"navigationBarTitleText": "我的店铺","enablePullDownRefresh": false}},
                
				{"path": "admin/pickupdevice","custom_file":"product_pickup_device","style" : {"navigationBarTitleText" : "商品柜设备"}},
				{"path": "admin/pickupdevicegoods","custom_file":"product_pickup_device","style" : {"navigationBarTitleText" : "商品柜商品"}},
				{"path": "admin/pickupdeviceaddstock","custom_file":"product_pickup_device","style" : {"navigationBarTitleText" : "商品柜补货统计"}},
				{"path": "admin/pickupdeviceaddstocklog","custom_file":"product_pickup_device","style" : {"navigationBarTitleText" : "商品柜补货清单"}},
                
				{"path": "my/activecoinlog","custom_file":"active_coin","style" : {"navigationBarTitleText" : "激活币明细"}},
        
        {"path": "collage/classify","custom_file":"yx_collage_classify","style": {"navigationBarTitleText": "拼团分类","enablePullDownRefresh": false}},
        {"path": "collage/prolist","custom_file":"yx_collage_classify","style": {"navigationBarTitleText": "商品列表","enablePullDownRefresh": false}},
				{"path": "my/scoreweightlog","custom_file":"yx_buy_fenhong","style": {"navigationBarTitleText": "积分权明细","enablePullDownRefresh": false}},
				{"path": "my/commissionmaxtoscore","custom_file":"member_commission_max_toscore","style": {"navigationBarTitleText": "佣金上限转积分","enablePullDownRefresh": false}},
				{"path": "my/commissionmaxlog","custom_file":"member_commission_max_toscore","style": {"navigationBarTitleText": "佣金上限记录","enablePullDownRefresh": false}},
				{"path": "my/shopfavorite","custom_file":"member_shop_favorite","style": {"navigationBarTitleText": "商城商品收藏","enablePullDownRefresh": false}},
        {"path": "my/staffcommissionlog","custom_file":"extend_staff","style": {"navigationBarTitleText": "提成记录","enablePullDownRefresh": false}},
        
				
				{"path": "fishpond/list","custom_file":"extend_fish_pond","style": {"navigationBarTitleText": "鱼塘列表"}},
				{"path": "fishpond/detail","custom_file":"extend_fish_pond","style": {"navigationBarTitleText": "鱼塘详情"}},
				{"path": "fishpond/buy","custom_file":"extend_fish_pond","style": {"navigationBarTitleText": "订单确认"}},
				{"path": "fishpond/orderlist","custom_file":"extend_fish_pond","style": {"navigationBarTitleText": "鱼塘订单"}},
				{"path": "fishpond/orderdetail","custom_file":"extend_fish_pond","style": {"navigationBarTitleText": "订单详情"}},
				{"path": "fishpond/savebasan","custom_file":"extend_fish_pond","style": {"navigationBarTitleText": "更改钓点"}},
				{"path": "fishpond/refund","custom_file":"extend_fish_pond","style": {"navigationBarTitleText": "申请退款"}},
				
				{"path": "message","style": {"navigationBarTitleText": "提示"}},
				{"path": "teamsaleyeji/fhorderlist","custom_file":"yx_team_yeji","style": {"navigationBarTitleText": "团队市场业绩教育津贴奖"}},
				{"path": "purchaseorder/index","custom_file":"shop_purchase_order","style" : {"navigationBarTitleText" : "采购单"}},
				{"path": "purchaseorder/posterpurchaseorder","custom_file":"shop_purchase_order","style" : {"navigationBarTitleText" : "已选产品"}},
				{"path": "purchaseorder/sharerecord","custom_file":"shop_purchase_order","style" : {"navigationBarTitleText" : "分享记录"}},
				
				
                
				{"path": "my/silvermoneylog","custom_file":"member_goldmoney_silvermoney","style" : {"navigationBarTitleText" : "","enablePullDownRefresh": false}},
				{"path": "my/goldmoneylog","custom_file":"member_goldmoney_silvermoney","style" : {"navigationBarTitleText" : "","enablePullDownRefresh": false}},
				{"path": "admin/depositlog","custom_file":"business_deposit","style": {"navigationBarTitleText": "保证金记录"}},
				
				{"path": "admin/expend","custom_file":"expend","style" : {"navigationBarTitleText" : "支出记录","enablePullDownRefresh": true}},
				{"path": "material/index","custom_file":"extend_material","style" : {"navigationBarTitleText" : "素材库","enablePullDownRefresh": true}},
				{"path": "material/detail","custom_file":"extend_material","style" : {"navigationStyle": "custom"}},
				{"path": "admin/expendEdit","custom_file":"expend","style" : {"navigationBarTitleText" : "支出记录","enablePullDownRefresh": true}},
        {"path": "my/linghuoxinsign","custom_file":"expend_linghuoxin","style" : {"navigationBarTitleText" : "灵活薪签约","enablePullDownRefresh": true}},
				
				{"path": "address/address","style": {"navigationBarTitleText": "收货地址","enablePullDownRefresh": true}},
				{"path": "address/addressadd","style": {"navigationBarTitleText": "编辑收货地址","enablePullDownRefresh": false}},
				{"path": "kefu/index","style": {"navigationBarTitleText": "在线咨询","enablePullDownRefresh":false}},
				{"path": "index/getpwd","style": {"navigationBarTitleText": "找回密码","enablePullDownRefresh": true}},
				{"path": "index/bind","style": {"navigationBarTitleText": "绑定管理员","enablePullDownRefresh": true}},//2.6.5
        
        {"path": "my/setpaycode","custom_file":"withdraw_paycode","style": {"navigationBarTitleText": "设置收款码","enablePullDownRefresh": false}},
        {"path": "scoreshop/classify2","custom_file":"scoreshop_class","style": {"navigationBarTitleText": "分类商品","enablePullDownRefresh": false}},
        
				{"path": "maidan/pay","style": {"navigationBarTitleText": "买单付款"}},
				{"path": "maidan/maidanlog","style": {"navigationBarTitleText": "买单付款记录","enablePullDownRefresh": true,"titleNView":{"searchInput":{"placeholder":"输入订单号搜索","borderRadius":"15px"},"buttons":[{"type":"home"}]}}},
				{"path": "maidan/maidandetail","style": {"navigationBarTitleText": "买单付款详情","enablePullDownRefresh": true}},
				{"path": "shop/commentlist","style": {"navigationBarTitleText": "商品评价","enablePullDownRefresh": true}},
        {"path": "inviteredpacket/redpacketlist","custom_file":"extend_invite_redpacket","style": {"navigationBarTitleText": "我的红包","enablePullDownRefresh": false}},
        {"path": "inviteredpacket/redpacketdetail","custom_file":"extend_invite_redpacket","style": {"navigationBarTitleText": "红包详情","enablePullDownRefresh": false}},
				{"path": "yueke/studyrecord","custom_file":"yueke_extend","style": {"navigationBarTitleText": "学习记录","enablePullDownRefresh": false}},
				{"path": "yueke/workerstudyrecord","custom_file":"yueke_extend","style": {"navigationBarTitleText": "学习记录","enablePullDownRefresh": false}},
				{"path": "yueke/workeryueke","custom_file":"yueke_extend","style": {"navigationBarTitleText": "约课","enablePullDownRefresh": false}},
				{"path": "yueke/refund","custom_file":"yueke_extend","style": {"navigationBarTitleText": "申请退款","enablePullDownRefresh": false}},
				{"path": "yueke/apply","custom_file":"yueke_extend","style": {"navigationBarTitleText": "申请入驻","enablePullDownRefresh": false}},
				{"path": "yueke/my","custom_file":"yueke","style": {"navigationBarTitleText": "我的","enablePullDownRefresh": false}},
				{"path": "yueke/moneylog","custom_file":"yueke","style": {"navigationBarTitleText": "账单明细","enablePullDownRefresh": false}},
				{"path": "yueke/setpwd","custom_file":"yueke","style": {"navigationBarTitleText": "修改密码","enablePullDownRefresh": false}},
				{"path": "yueke/setinfo","custom_file":"yueke","style": {"navigationBarTitleText": "提现设置","enablePullDownRefresh": false}},
				{"path": "yueke/withdraw","custom_file":"yueke","style": {"navigationBarTitleText": "我的钱包","enablePullDownRefresh": false}},
				{"path": "wx/mpbind","custom_file":"member_mpbing_openid","style":{"navigationBarTitleText" : "订阅通知"}},
				{"path": "certificatequery/index","custom_file":"extend_certificate_query","style":{"navigationBarTitleText" : "证书查询"}},
				{"path": "certificatequery/record","custom_file":"extend_certificate_query","style":{"navigationBarTitleText" : "证书列表"}},
				{"path": "teamyejitongji/myteam","custom_file":"yx_team_yeji_tongji","style":{"navigationBarTitleText" : ""}},
				{"path": "teamyejitongji/goodsinfo","custom_file":"yx_team_yeji_tongji","style":{"navigationBarTitleText" : "商品明细"}},
				{"path": "form/signature","custom_file":"form_sign_pdf","style":{"navigationBarTitleText" : "合同签名","enablePullDownRefresh": false,"disableScroll": true}},

        
				{"path": "my/scorefreezelog","custom_file":"yx_score_freeze","style" : {"navigationBarTitleText" : "积分冻结记录"}},
				{"path": "mingpian/checkapplylog","custom_file":"mingpian_addfields_membercustom","style" : {"navigationBarTitleText" : "审核内容"}},
				{"path": "my/memberscorewithdraw","custom_file":"member_score_withdraw","style" : {"navigationBarTitleText" : "积分提现"}},
        {"path": "my/setcustomaccount","custom_file":"withdraw_custom"},
        {"path": "comment/all","style": {"navigationBarTitleText": "客户评价","enablePullDownRefresh": true}},
        {"path": "comment/customer","style": {"navigationBarTitleText": "客户评价","enablePullDownRefresh": true}},
        {"path": "comment/reply","style": {"navigationBarTitleText": "跟帖评价","enablePullDownRefresh": false}}
      ]
    },{
			"root": "pagesC",
			"pages": [
				{"path": "productthali/index","custom_file":"product_thali","style" : {"navigationBarTitleText" : "套餐列表"}},
				{"path": "productthali/detail","custom_file":"product_thali","style" : {"navigationBarTitleText" : "套餐详情"}},
				{"path": "productthali/buy","custom_file":"product_thali","style" : {"navigationBarTitleText" : "套餐下单"}},
				{"path": "productthali/orderlist","custom_file":"product_thali","style" : {"navigationBarTitleText" : "我的套餐","enablePullDownRefresh": true,"titleNView":{"searchInput":{"placeholder":"输入关键字搜索","borderRadius":"15px"},"buttons":[{"type":"home"}]}}},
				{"path": "productthali/orderdetail","custom_file":"product_thali","style" : {"navigationBarTitleText" : "套餐详情"}},
				{"path": "productthali/refund","custom_file":"product_thali","style" : {"navigationBarTitleText" : "申请退款"}},
				{"path": "transferorderparent/orderlist","custom_file":"transfer_order_parent_check","style" : {"navigationBarTitleText" : "审核订单列表","titleNView":{"searchInput":{"placeholder":"输入关键字搜索","borderRadius":"15px"},"buttons":[{"type":"home"}]}}},
				{"path": "transferorderparent/orderdetail","custom_file":"transfer_order_parent_check","style" : {"navigationBarTitleText" : "审核订单详情"}},
				{"path": "invoicebaoxiao/index","custom_file":"finance_invoice_baoxiao","style" : {"navigationBarTitleText" : "发票报销"}},
				{"path": "invoicebaoxiao/recordlist","custom_file":"finance_invoice_baoxiao","style" : {"navigationBarTitleText" : "发票报销记录"}},
				{"path": "invoicebaoxiao/recorddetail","custom_file":"finance_invoice_baoxiao","style" : {"navigationBarTitleText" : "详细信息"}},
				{"path": "invoicebaoxiao/adminrecordlist","custom_file":"finance_invoice_baoxiao","style" : {"navigationBarTitleText" : "发票报销记录"}},
				{"path": "invoicebaoxiao/adminrecorddetail","custom_file":"finance_invoice_baoxiao","style" : {"navigationBarTitleText" : "详细信息"}},
				{"path": "invoicebaoxiao/adminedit","custom_file":"finance_invoice_baoxiao","style" : {"navigationBarTitleText" : "编辑记录"}},
				{"path": "my/saveinfo","custom_file":"team_update_member_info","style" : {"navigationBarTitleText" : "修改资料"}},
				{"path": "allinpay/yunstMember","custom_file":"pay_allinpay","style" : {"navigationBarTitleText" : "云商通会员"}},

				{"path": "bonuspoolgold/bonuspool","custom_file":"bonus_pool_gold","style": {"navigationBarTitleText": "奖金池","enablePullDownRefresh": true}},
				{"path": "bonuspoolgold/withdraw","custom_file":"bonus_pool_gold","style": {"navigationBarTitleText": "兑换","enablePullDownRefresh": true}},
				{"path": "bonuspoolgold/buygold","custom_file":"bonus_pool_gold","style": {"navigationBarTitleText": "购买金币","enablePullDownRefresh": true}},
				{"path": "bonuspoolgold/goldlog","custom_file":"bonus_pool_gold","style": {"navigationBarTitleText": "金币明细","enablePullDownRefresh": true}},
				{"path": "registervehicle/registerVehicle","custom_file":"car_management","style": {"navigationBarTitleText": "车辆信息"}},
				{"path": "registervehicle/systemMsg","custom_file":"member_notice","style": {"navigationBarTitleText": "系统消息","enablePullDownRefresh": true}},
				{"path": "registervehicle/msgDetails","custom_file":"member_notice","style": {"navigationBarTitleText": "消息详情"}},
				{"path": "registervehicle/vehicleList","custom_file":"car_management","style": {"navigationBarTitleText": "车辆列表"}},
				{"path": "registervehicle/vehicleSettime","custom_file":"car_management","style": {"navigationBarTitleText": "时间修改"}},
        {"path": "mingpian/list","custom_file":"mingpian_addfields_membercustom","style": {"navigationBarTitleText": "","enablePullDownRefresh": true}},
        {"path": "qrcodevar/index","custom_file":"mobile_admin_qrcode_variable_maidan","style": {"navigationBarTitleText": "绑定收款码","enablePullDownRefresh": true}},
        {"path": "qrcodevar/bindlog","custom_file":"mobile_admin_qrcode_variable_maidan","style": {"navigationBarTitleText": "绑定收款码列表","enablePullDownRefresh": true}},
				{"path": "releasePoints/details","custom_file":"yx_cashback_log","style" : {"navigationBarTitleText" : "释放明细"}},
        {"path": "my/dedamountlog","custom_file":"member_dedamount","style" : {"navigationBarTitleText" : "我的抵扣金","enablePullDownRefresh": false}},
        {"path": "releasePoints/releasegreenscore","custom_file":"green_score_new","style" : {"navigationBarTitleText" : "释放明细"}},
        {"path": "manrenchoujiang/list","custom_file":"yx_buy_product_manren_choujiang","style" : {"navigationBarTitleText" : "开奖明细"}},
        {"path": "manrenchoujiang/details","custom_file":"yx_buy_product_manren_choujiang","style" : {"navigationBarTitleText" : "抽奖详情"}},
        		{"path": "transferorderparent/tongji","custom_file":"transfer_order_parent_check","style" : {"navigationBarTitleText" : "分销数据统计"}},
				{"path": "releasePoints/cashbacklog","custom_file":"yx_cashback_multiply","style" : {"navigationBarTitleText" : "返现记录"}},
				{"path": "releasePoints/ogdetails","custom_file":"yx_cashback_multiply","style" : {"navigationBarTitleText" : "返现明细"}},
        {"path": "my/shopscorelog","custom_file":"member_shopscore","style" : {"navigationBarTitleText" : "","enablePullDownRefresh": false}},
				{"path": "commission/teamfenhongfreight","custom_file":"teamfenhong_freight_money","style" : {"navigationBarTitleText" : "运费补贴记录"}},
				{"path": "mendian/memberlevelupfenhong","custom_file":"mendian_member_levelup_fenhong","style" : {"navigationBarTitleText" : "分红门店"}},
				{"path": "mendian/memberleveluplist","custom_file":"mendian_member_levelup_fenhong","style" : {"navigationBarTitleText" : "扫码会员"}},
				{"path": "shop/brandlist","custom_file":"product_brand","style" : {"navigationBarTitleText" : "品牌列表"}}
			]
    }
		// #ifdef H5
		,{
			//h5直播，此目录下不要加非直播功能的其他页面，打包的时候如果没有定制，会整个目录删除
			"root": "h5zb",
			"pages": [
				{"path": "manage/main","custom_file":"h5zb","style": {"navigationBarTitleText": "直播推流","enablePullDownRefresh": false}},
				{"path": "client/main","custom_file":"h5zb","style": {"navigationBarTitleText": "直播拉流","enablePullDownRefresh": false}},
				{"path": "client/zblist","custom_file":"h5zb","style": {"navigationBarTitleText": "直播列表","enablePullDownRefresh": true}}
			]
		}
		// #endif
	],
	"navigateToMiniProgramAppIdList": [
		"wxeb490c6f9b154ef9",
		"wx2b03c6e691cd7370"
	],
	"requiredPrivateInfos":[
		"chooseAddress",
		"chooseLocation",
		"getLocation"
	],
	"sitemapLocation": "sitemap.json",
	"permission": {
		"scope.userLocation": {
			"desc": "你的位置信息将用于获取距离信息"
		}
	},
	"condition" : { //模式配置，仅开发期间生效
		"current": 0, //当前激活的模式(list 的索引项)
		"list": [
			{
				"name": "", //模式名称
				"path": "", //启动页面，必选
				"query": "" //启动参数，在页面的onLoad函数里面得到
			}
		]
	}
}
